feature	metadata	value	coef	stderr	N	N.not.0	pval	qval
f27c18211f38a2b8824f2a0ffa75d352	BirthMode	CSR	2.60962006916248	0.731153820389925	70	63	0.000673363059210037	0.0464620510854925
