"","Variable","Df","SumOfSqs","R2","F","Pr(>F)","Omega2_partial"
"1","Overweight",1,0.54156904880449,0.011931204969193,2.92463022623111,0.002,0.00916819633864299
"2","BirthMode",2,1.14360364956529,0.0251945150421739,3.08789600119326,0.001,0.0196808126081582
"3","TimePoint",3,5.97846546365358,0.131710438411415,10.7618168850169,0.001,0.123418652825975
"4","Sex",1,0.678903269498939,0.0149567891306346,3.66627492292403,0.001,0.012656391840125
"5","Residual",200,37.0350442218054,0.815912033061928,NA,NA,NA
"6","Total",207,45.3909768713932,1,NA,NA,NA
