Variable,diff,lwr,upr,p adj
Y-N,-0.0496109483770954,-0.0777646203052025,-0.0214572764489883,0.000624626954982666
