Variable,diff,lwr,upr,p adj
Y-N,-0.0496077567741248,-0.0778024965325116,-0.0214130170157381,0.000636342240217247
