"","Variable","Df","SumOfSqs","R2","F","Pr(>F)","Omega2_partial"
"1","Overweight",1,0.637213272046509,0.00995747405226664,2.30149313367187,0.001,0.00621826970360244
"2","BirthMode",2,1.3219802009317,0.0206580498647034,2.38737051530872,0.001,0.0131644855405818
"3","Age_group",3,5.90220463956965,0.0922313644863834,7.10588016466817,0.001,0.0809377495011918
"4","Sex",1,0.740820210349376,0.0115764977685685,2.67570168764469,0.001,0.00799187351780509
"5","Residual",200,55.3739016400958,0.865305562426789,NA,NA,NA
"6","Total",207,63.9934654814851,1,NA,NA,NA
