"","Variable","Df","SumOfSqs","R2","F","Pr(>F)","Omega2_partial"
"1","Overweight",1,0.636855606208734,0.00993254075660746,2.2944350603387,0.001,0.00618475622615343
"2","BirthMode",2,1.3210757468951,0.0206037892587861,2.37975647971745,0.001,0.0130931834140556
"3","TimePoint",3,5.88969069487081,0.0918569174869482,7.07303858369062,0.001,0.0805374722228156
"4","Sex",1,0.740277803955202,0.0115455362052461,2.66703995572373,0.001,0.00795089183343155
"5","Residual",200,55.5130643893424,0.865794018606154,NA,NA,NA
"6","Total",207,64.1180964482905,1,NA,NA,NA
