Variable,diff,lwr,upr,p adj
Y-N,-0.0392151432639607,-0.0599583482438634,-0.018471938284058,0.000250102965303478
