Variable,diff,lwr,upr,p adj
Y-N,-0.0392070175477951,-0.0598917586113799,-0.0185222764842103,0.000241190476652942
