Variable,diff,lwr,upr,p adj
Y-N,-0.0159096272281883,-0.0297665316400767,-0.00205272281629993,0.0246404281997692
