Variable,diff,lwr,upr,p adj
Y-N,-0.0159067307337656,-0.0298482560649899,-0.00196520540254141,0.0255411620070083
