Variable,diff,lwr,upr,p adj
Y-N,-0.00726211123950715,-0.0388804031728479,0.0243561806938336,0.651150441280828
