Variable,diff,lwr,upr,p adj
Y-N,-0.00851362232218567,-0.0458353669168956,0.0288081222725243,0.6533722918421
