comp,Df,SumOfSqs,R2,F,Pr(>F),padj
Week3 - Week6,1,0.992827776455685,0.108426016382193,19.822741572811,0.001,0.006
Week3 - Week9-14,1,0.937384576679002,0.0965048283987748,16.9832315630544,0.001,0.006
Week3 - Week18,1,0.946477452504587,0.121148372430767,18.4716980619621,0.001,0.006
Week6 - Week9-14,1,0.304204901804823,0.0387293921206344,5.72115035667485,0.001,0.006
Week6 - Week18,1,0.672030496594275,0.106459213676763,13.939741969065,0.001,0.006
Week9-14 - Week18,1,0.13663297140807,0.0213849142214632,2.4693010992191,0.035,0.035
CS - CSR,1,0.0692631285991548,0.00839540665731414,1.38850374538725,0.213,0.213
CS - VF,1,0.141290463080891,0.0111066472801333,2.2462780742909,0.054,0.108
CSR - VF,1,0.333358819103973,0.0281880215088388,5.51107025352238,0.002,0.006
