comp,Variable,Df,SumOfSqs,R2,F,Pr(>F),Omega2_partial,padj
Week3 - Week6,TimePoint,1,0.992827776455685,0.108426016382193,19.822741572811,0.001,0.10239615301002,0.006
Week3 - Week9-14,TimePoint,1,0.937384576679002,0.0965048283987748,16.9832315630544,0.001,0.090309298919994,0.006
Week3 - Week18,TimePoint,1,0.946477452504587,0.121148372430767,18.4716980619621,0.001,0.113843127316596,0.006
Week6 - Week9-14,TimePoint,1,0.304204901804823,0.0387293921206344,5.72115035667485,0.001,0.0317449827771787,0.006
Week6 - Week18,TimePoint,1,0.672030496594275,0.106459213676763,13.939741969065,0.001,0.0980731186521408,0.006
Week9-14 - Week18,TimePoint,1,0.13663297140807,0.0213849142214632,2.4693010992191,0.04,0.0126153508723077,0.04
CS - CSR,BirthMode,1,0.0692631285991548,0.00839540665731414,1.38850374538725,0.204,0.00233491940033158,0.204
CS - VF,BirthMode,1,0.141290463080891,0.0111066472801333,2.2462780742909,0.049,0.00613186173001092,0.098
CSR - VF,BirthMode,1,0.333358819103973,0.0281880215088388,5.51107025352238,0.002,0.02295580726166,0.006
