feature	metadata	value	coef	stderr	N	N.not.0	pval	qval
X46a9bce4deb54b24813583e0f9fb9cca	Sex	M	1.69952989832894	0.418651504247012	70	39	0.000132747615448776	0.0143367424684678
f27c18211f38a2b8824f2a0ffa75d352	BirthMode	CSR	2.60957613506303	0.731155379085871	70	63	0.000673508693337959	0.0363694694402498
cd1032dccdcdadb3b177b8bfd184fe52	BirthMode	CS	0.793134353092878	0.240406351037398	70	70	0.0015656899658838	0.0563648387718168
f3b97a44d007c4a516573a5f19987ac2	BirthMode	CSR	-1.56298417874726	0.490724774537695	70	70	0.00221018232831888	0.0596749228646097
