feature	metadata	value	coef	stderr	N	N.not.0	pval	qval
X8479c5090e759d6b0f74da1bd0933311	BirthMode	CSR	-1.51330729797137	0.409808984245165	91	88	0.0003866193947135	0.0881492219946781
X46a9bce4deb54b24813583e0f9fb9cca	BirthMode	CS	1.5764441820885	0.454442791605845	91	84	0.000814836077400244	0.0928913128236279
