feature	metadata	value	coef	stderr	N	N.not.0	pval	qval
f27c18211f38a2b8824f2a0ffa75d352	Sex	M	1.65787138115092	0.573819819750095	74	58	0.00513741773829624	0.0770612660744437
a48efa77549a0058f29816ef3038a36e	BirthMode	CSR	-1.10113393141083	0.357951887708956	74	32	0.0029904619150528	0.0770612660744437
