feature	metadata	value	coef	stderr	N	N.not.0	pval	qval
a48efa77549a0058f29816ef3038a36e	BirthMode	CSR	-1.33909464452349	0.398490112337712	74	28	0.00126325615261087	0.0378976845783261
