feature	metadata	value	coef	stderr	N	N.not.0	pval	qval
X8479c5090e759d6b0f74da1bd0933311	BirthMode	CSR	-1.51317587983889	0.409810688010018	91	88	0.000387060946997513	0.0406413994347388
X46a9bce4deb54b24813583e0f9fb9cca	BirthMode	CS	1.57651639723536	0.454362428402013	91	84	0.000812782708374653	0.0426710921896693
