feature	metadata	value	coef	stderr	N	N.not.0	pval	qval
f27c18211f38a2b8824f2a0ffa75d352	BirthMode	CSR	2.6095089622722	0.731138618910802	70	63	0.000673530333277975	0.0202059099983392
