feature	metadata	value	coef	stderr	N	N.not.0	pval	qval
f27c18211f38a2b8824f2a0ffa75d352	BirthMode	CSR	2.3160921689364	0.668817466298325	70	66	0.000942669500749484	0.0226240680179876
X2c796538ebe5bdf80383a492e53c2719	BirthMode	CS	-0.633258809381399	0.251877083904024	70	19	0.0143779747958558	0.073455628084267
X2c796538ebe5bdf80383a492e53c2719	BirthMode	CSR	-0.644461914449358	0.25882740808973	70	19	0.015303255850889	0.073455628084267
cd1032dccdcdadb3b177b8bfd184fe52	BirthMode	CS	0.360316398722706	0.14180637136041	70	70	0.0134154226154741	0.073455628084267
cd1032dccdcdadb3b177b8bfd184fe52	Sex	M	0.303058286233273	0.119050269781243	70	70	0.0132514304416612	0.073455628084267
