feature	metadata	value	coef	stderr	N	N.not.0	pval	qval
f27c18211f38a2b8824f2a0ffa75d352	BirthMode	CSR	1.19620257814043	0.337269086905971	91	23	0.000630924490662496	0.0217668949278561
X8479c5090e759d6b0f74da1bd0933311	BirthMode	CSR	-1.55973305622327	0.439010658105614	91	89	0.000618285956044295	0.0217668949278561
