feature	metadata	value	coef	stderr	N	N.not.0	pval	qval
a48efa77549a0058f29816ef3038a36e	BirthMode	CSR	-1.33909464452349	0.398489117166879	74	28	0.0012632231567029	0.0303173557608697
f27c18211f38a2b8824f2a0ffa75d352	Sex	M	1.46261459178293	0.519174102429153	74	64	0.00629103158556206	0.0754923790267447
