feature	metadata	value	coef	stderr	N	N.not.0	pval	qval
a48efa77549a0058f29816ef3038a36e	BirthMode	CSR	-1.33920718909958	0.398542044575259	74	28	0.00126386764958971	0.0909984707704588
