feature	metadata	value	coef	stderr	N	N.not.0	pval	qval
X89ac816e1adcc50ad5c7985a54e62222	BirthMode	CSR	2.11027915535934	0.468257210851726	91	78	2.04055905053966e-05	0.0190384159415351
