feature	metadata	value	coef	stderr	N	N.not.0	pval	qval
X46a9bce4deb54b24813583e0f9fb9cca	Sex	M	1.69740637444933	0.419174319450576	70	39	0.000137427291221655	0.0296842949038775
f27c18211f38a2b8824f2a0ffa75d352	BirthMode	CSR	2.60939095357058	0.731627025563055	70	63	0.000679024809308056	0.0694052361788592
db66ab43add889efc6f36d999d74bd9f	BirthMode	CSR	2.76206057202869	0.799242266557553	70	56	0.000963961613595266	0.0694052361788592
