feature	metadata	value	coef	stderr	N	N.not.0	pval	qval
b89797007a8a912e076a26d9d01e7d6d	Sex	M	3.50362686149483	0.593149307520448	45	33	5.87059058699082e-07	0.000593516708344772
ca4154b2af818f7e39d6113e36e89ef3	Sex	M	3.19152492510703	0.621964384334615	45	33	7.34331203882519e-06	0.00371204423562613
X327c2a9c912e7c1e9c4d1054767ee63b	Sex	M	2.06302965660041	0.511196480906509	45	20	0.00023193923620428	0.048568657523983
cba788ca0175df07ecd8459e8c93ec97	BirthMode	CSR	1.83812509236541	0.456770225609836	45	8	0.000240201075786266	0.048568657523983
X41b1495424f06c9624f04dd34f3bc8bb	Sex	M	2.81033136201306	0.687263562666335	45	43	0.000197043089357065	0.048568657523983
X8479c5090e759d6b0f74da1bd0933311	Sex	M	1.40485767115211	0.367899026882673	45	19	0.000446168693437481	0.0751794248442156
