feature	metadata	value	coef	stderr	N	N.not.0	pval	qval
X0d55107b13eea5f6c3644255663d04f6	Sex	M	3.05320901271954	0.679296076666495	70	55	2.8813607593547e-05	0.022388173100186
ca4154b2af818f7e39d6113e36e89ef3	Sex	M	2.33627087500559	0.573506901356919	70	58	0.000126477881085598	0.03275777120117
X41b1495424f06c9624f04dd34f3bc8bb	Sex	M	2.60652853453659	0.629162751442364	70	63	9.96658003755425e-05	0.03275777120117
b89797007a8a912e076a26d9d01e7d6d	Sex	M	2.33137074663475	0.593095828076929	70	55	0.000205465202367466	0.0399116155598803
X492106d65d13feade3f768693872e83f	Sex	M	-1.41933927121166	0.372017043627357	70	66	0.000302286585854748	0.0469753354418278
